{"position_vectors":[[4.945056037844973e7,1.3888548436545506e8,0.0],[-4.138729307704909e8,-6.965738608319756e8,1.213737676998063e7],[-1.3261192333039165e7,1.0732562706693292e8,2.232062473776207e6],[3.714522217849419e8,-6.862539099108559e8,-5.474468535027429e6],[4.1513661894695026e8,6.184533884127414e8,-1.1842852214699518e7]],"planet_velocities":[[-28.46947579064883,10.136635501978077,0.0],[10.769870106405076,-6.402710831832744,-0.21448612945063136],[-34.711926274930676,-4.329454748642514,1.9443520173941582],[11.449936020895107,6.199814205776307,-0.28177441665137337],[-11.313442866144813,7.598390021151586,0.22170630134592897]],"traj_velocities":[[-29.918374423495578,28.322611699697823,2.927409370157023],[12.851125084554196,8.205322504892793,-0.7266505212623963],[-1.4908855738035713,-15.1828702684131,-0.1364582896496083],[-48.20525431836255,-5.399812162861749,2.490372372111746],[-47.67288775276709,-2.4614584128454657,-1.5236194159432555],[0.5094071439302984,12.92112826319251,0.33335415228017923],[14.442144867093695,-6.300793030912159,-0.29706296028155627],[-15.512490342721023,-4.8736182515174375,0.3671815366326278]],"itinerary":["Earth","Jupiter","Venus","Jupiter","Jupiter"],"dt_vals":[8.64e8,8.64e8,3.2408864550152194e8,8.64e8]}